trykkeri,adresse,postnummer,poststed
Polaris Trykk Alta,Myggveien 13,9514,Alta
Polaris Trykk Alta,Myggveien 13,9514,Alta
Polaris Trykk Alta,Myggveien 13,9514,Alta
Polaris Trykk Harstad,Stangnesterminalen 3,9409,Harstad
Polaris Trykk Alta,Myggveien 13,9514,Alta
Polaris Trykk Alta,Myggveien 13,9514,Alta
Polaris Trykk Harstad,Stangnesterminalen 3,9409,Harstad
Polaris Trykk Harstad,Stangnesterminalen 3,9409,Harstad
Polaris Trykk Harstad,Stangnesterminalen 3,9409,Harstad
Polaris Trykk Harstad,Stangnesterminalen 3,9409,Harstad
Polaris Trykk Orkanger,Grønørveien 54,7300,Orkanger
Polaris Trykk Orkanger,Grønørveien 54,7300,Orkanger
Polaris Trykk Orkanger,Grønørveien 54,7300,Orkanger
Polaris Trykk Orkanger,Grønørveien 54,7300,Orkanger
Polaris Trykk Orkanger,Grønørveien 54,7300,Orkanger
Hordaland Trykk og Distribusjon,Dalsmoen 42,5709,Voss
Polaris Trykk Orkanger,Grønørveien 54,7300,Orkanger
Hordaland Trykk og Distribusjon,Dalsmoen 42,5709,Voss
Hordaland Trykk og Distribusjon,Dalsmoen 42,5709,Voss
Schibsted Trykk Bergen,Janaflaten 24,5179,Godvik
Schibsted Trykk Bergen,Janaflaten 24,5179,Godvik
Schibsted Trykk Bergen,Janaflaten 24,5179,Godvik
Schibsted Trykk Bergen,Janaflaten 24,5179,Godvik
Hordaland Trykk og Distribusjon,Dalsmoen 42,5709,Voss
Hordaland Trykk og Distribusjon,Dalsmoen 42,5709,Voss
Hordaland Trykk og Distribusjon,Dalsmoen 42,5709,Voss
Hordaland Trykk og Distribusjon,Dalsmoen 42,5709,Voss
Polaris Trykk Arendal,Stoaveien 11,4848,Arendal
Polaris Trykk Arendal,Stoaveien 11,4848,Arendal
Amedia Trykk Lillestrøm,Roseveien 1,2007,Kjeller
Amedia Trykk Lillestrøm,Roseveien 1,2007,Kjeller
Amedia Trykk Lillestrøm,Roseveien 1,2007,Kjeller
Amedia Trykk Lillestrøm,Roseveien 1,2007,Kjeller
Amedia Trykk Lillestrøm,Roseveien 1,2007,Kjeller
Amedia Trykk Lillestrøm,Roseveien 1,2007,Kjeller
Amedia Trykk Lillestrøm,Roseveien 1,2007,Kjeller
Amedia Trykk Lillestrøm,Roseveien 1,2007,Kjeller
Amedia Trykk Lillestrøm,Roseveien 1,2007,Kjeller
Amedia Trykk Lillestrøm,Roseveien 1,2007,Kjeller
Amedia Trykk Lillestrøm,Roseveien 1,2007,Kjeller
Amedia Trykk Lillestrøm,Roseveien 1,2007,Kjeller
Amedia Trykk Lillestrøm,Roseveien 1,2007,Kjeller
Amedia Trykk Lillestrøm,Roseveien 1,2007,Kjeller
Amedia Trykk Lillestrøm,Roseveien 1,2007,Kjeller
Amedia Trykk Lillestrøm,Roseveien 1,2007,Kjeller
Amedia Trykk Lillestrøm,Roseveien 1,2007,Kjeller
Amedia Trykk Innlandet,Fautvegen 20,2836,Biri
Amedia Trykk Lillestrøm,Roseveien 1,2007,Kjeller
Amedia Trykk Innlandet,Fautvegen 20,2836,Biri
Amedia Trykk Lillestrøm,Roseveien 1,2007,Kjeller
Amedia Trykk Lillestrøm,Roseveien 1,2007,Kjeller
Amedia Trykk Innlandet,Fautvegen 20,2836,Biri
Amedia Trykk Innlandet,Fautvegen 20,2836,Biri
Amedia Trykk Innlandet,Fautvegen 20,2836,Biri
Amedia Trykk Innlandet,Fautvegen 20,2836,Biri
Amedia Trykk Lillestrøm,Roseveien 1,2007,Kjeller
Amedia Trykk Lillestrøm,Roseveien 1,2007,Kjeller
Amedia Trykk Lillestrøm,Roseveien 1,2007,Kjeller
Amedia Trykk Lillestrøm,Roseveien 1,2007,Kjeller
Amedia Trykk Lillestrøm,Roseveien 1,2007,Kjeller
Amedia Trykk Lillestrøm,Roseveien 1,2007,Kjeller
Amedia Trykk Lillestrøm,Roseveien 1,2007,Kjeller
Amedia Trykk Lillestrøm,Roseveien 1,2007,Kjeller
Amedia Trykk Lillestrøm,Roseveien 1,2007,Kjeller
Amedia Trykk Lillestrøm,Roseveien 1,2007,Kjeller
Amedia Trykk Lillestrøm,Roseveien 1,2007,Kjeller
Amedia Trykk Lillestrøm,Roseveien 1,2007,Kjeller
Amedia Trykk Lillestrøm,Roseveien 1,2007,Kjeller
Amedia Trykk Lillestrøm,Roseveien 1,2007,Kjeller
Amedia Trykk Lillestrøm,Roseveien 1,2007,Kjeller
Amedia Trykk Lillestrøm,Roseveien 1,2007,Kjeller
Amedia Trykk Lillestrøm,Roseveien 1,2007,Kjeller
Dalane Trykk,Lindøyveien 2,4373,Egersund
Dalane Trykk,Lindøyveien 2,4373,Egersund
Dalane Trykk,Lindøyveien 2,4373,Egersund
Dalane Trykk,Lindøyveien 2,4373,Egersund
Dalane Trykk,Lindøyveien 2,4373,Egersund
Dalane Trykk,Lindøyveien 2,4373,Egersund
Dalane Trykk,Lindøyveien 2,4373,Egersund
Dalane Trykk,Lindøyveien 2,4373,Egersund
Hordaland Trykk og Distribusjon,Dalsmoen 42,5709,Voss
Hordaland Trykk og Distribusjon,Dalsmoen 42,5709,Voss